№ п/п; Фамилия; Имя; Номер телефона; Адрес эл.почты
1; Игнатова; Полина; 89422076921; polina-ignatova4629@gmail.com
2; Миронова; Лада; 89184499267; lada-mironova4548@gmail.com
3; Стрелкова; Карина; 89367425455; karina-strelkova1820@inbox.ru
4; Алексеева; Лариса; 89206695322; larisa-alekseeva5464@gmail.com
5; Зимина; Юлия; 89678562302; julija-zimina6725@inbox.ru
6; Емельянова; Вероника; 89011904172; veronika-emeljanova9940@gmail.com
7; Евсеев; Глеб; 89096433021; gleb-evseev8301@yandex.ru
8; Лобанов; Демид; 89080722147; demid-lobanov8393@inbox.ru
9; Зиновьева; Лада; 89458038745; lada-zinoveva742@bk.ru
10; Егорова; Виктория; 89266162873; viktorija-egorova8234@yandex.ru
11; Суворова; Ирина; 89094433710; irina-suvorova7459@gmail.com
12; Терентьев; Вячеслав; 89889879068; vjacheslav-terentev4424@bk.ru
13; Якушев; Егор; 89652823155; egor-jakushev5718@mail.ru
14; Шашков; Марк; 89166238844; mark-shashkov2148@list.ru
15; Ситников; Феликс; 89624537519; feliks-sitnikov287@bk.ru
16; Красильникова; Ксения; 89374321832; ksenija-krasilnikova8916@inbox.ru
17; Большакова; Галина; 89318036888; galina-bolshakova6695@gmail.com
18; Колесникова; Дарья; 89554555459; darja-kolesnikova9012@bk.ru
19; Ситникова; Лада; 89677850973; lada-sitnikova527@bk.ru
20; Носков; Николай; 89404297209; nikolaj-noskov5007@bk.ru
21; Сафонова; Антонина; 89056523649; antonina-safonova8249@bk.ru
22; Панов; Артур; 89280975163; artur-panov2507@inbox.ru
23; Артемьев; Богдан; 89023816426; bogdan-artemev3364@bk.ru
24; Зиновьева; Маргарита; 89572365710; margarita-zinoveva9522@inbox.ru
25; Кулакова; Елизавета; 89683353436; elizaveta-kulakova9475@inbox.ru
26; Андреева; Лариса; 89336205983; larisa-andreeva1783@mail.ru
27; Кириллова; Дана; 89398364603; dana-kirillova9321@list.ru
28; Лапина; Екатерина; 89569305932; ekaterina-lapina1297@bk.ru
29; Лазарев; Арсений; 89104174474; arsenij-lazarev948@mail.ru
30; Петухова; Антонина; 89331500741; antonina-petuhova3575@inbox.ru
31; Тихонова; Яна; 89202898076; jana-tihonova4839@mail.ru
32; Сорокин; Николай; 89853860504; nikolaj-sorokin5531@mail.ru
33; Кошелев; Иннокентий; 89490930478; innokentij-koshelev3422@inbox.ru
34; Стрелков; Артём; 89091487606; artem-strelkov3601@inbox.ru
35; Степанова; Кира; 89438863387; kira-stepanova2840@yandex.ru
36; Орехова; Раиса; 89008724059; raisa-orehova9911@gmail.com
37; Воробьёва; Василиса; 89841079576; vasilisa-vorobeva1193@gmail.com
38; Кудрявцева; Вероника; 89226568269; veronika-kudrjavtseva4797@gmail.com
39; Мамонтов; Тимофей; 89364842291; timofej-mamontov1934@gmail.com
40; Емельянов; Тимур; 89523355403; timur-emeljanov1246@yandex.ru
41; Михеева; Анжелика; 89095843481; anzhelika-miheeva4293@yandex.ru
42; Моисеева; Зоя; 89070312975; zoja-moiseeva3146@mail.ru
43; Романов; Лев; 89497022691; lev-romanov9818@list.ru
44; Мартынова; Нина; 89241722288; nina-martynova9461@list.ru
45; Кулагина; Любовь; 89821803687; ljubov-kulagina3995@inbox.ru
46; Родионова; Тамара; 89558583680; tamara-rodionova8869@yandex.ru
47; Елисеева; Вера; 89411708680; vera-eliseeva3931@gmail.com
48; Ефимова; Кира; 89247894920; kira-efimova8119@gmail.com
49; Воронцова; Александра; 89753265284; aleksandra-vorontsova9689@mail.ru
50; Лыткин; Вадим; 89208410486; vadim-lytkin4965@inbox.ru
51; Панфилова; Наталья; 89430413261; natalja-panfilova192@inbox.ru
52; Мартынов; Макар; 89218839917; makar-martynov1938@yandex.ru
53; Кузнецов; Валерий; 89668702845; valerij-kuznetsov5097@mail.ru
54; Савин; Семён; 89719228915; semen-savin7132@yandex.ru
55; Семёнова; Ольга; 89263000905; olga-semenova8282@mail.ru
56; Игнатьева; Алла; 89438189648; alla-ignateva4503@inbox.ru
57; Цветкова; Тамара; 89820541937; tamara-tsvetkova6240@mail.ru
58; Фёдорова; Дана; 89549610766; dana-fedorova4490@inbox.ru
59; Жданова; Людмила; 89297026279; ljudmila-zhdanova8169@bk.ru
60; Русакова; Оксана; 89568928565; oksana-rusakova8278@gmail.com
61; Рогова; Виктория; 89834499343; viktorija-rogova9974@inbox.ru
62; Вишнякова; Валентина; 89815247733; valentina-vishnjakova460@bk.ru
63; Трофимова; Надежда; 89895839179; nadezhda-trofimova5864@inbox.ru
64; Дроздов; Дмитрий; 89788140401; dmitrij-drozdov1575@mail.ru
65; Фокина; Оксана; 89816190924; oksana-fokina6713@inbox.ru
66; Зимина; Екатерина; 89312766054; ekaterina-zimina4186@list.ru
67; Иванова; Алина; 89637365028; alina-ivanova6561@inbox.ru
68; Щербаков; Вадим; 89122872347; vadim-scherbakov9502@yandex.ru
69; Воробьёв; Кирилл; 89559150278; kirill-vorobev1087@mail.ru
70; Чернова; Раиса; 89738743968; raisa-chernova4002@bk.ru
71; Петрова; Виктория; 89983783128; viktorija-petrova6645@yandex.ru
72; Веселов; Вениамин; 89896140894; veniamin-veselov7855@inbox.ru
73; Громова; Анжела; 89863881699; anzhela-gromova6980@mail.ru
74; Кононов; Виталий; 89666912665; vitalij-kononov8686@gmail.com
75; Дроздова; Лидия; 89495867918; lidija-drozdova6565@list.ru
76; Кононов; Семён; 89254668883; semen-kononov9115@mail.ru
77; Наумова; Тамара; 89770641231; tamara-naumova4422@list.ru
78; Михайлова; Ангелина; 89753039362; angelina-mihajlova4569@gmail.com
79; Константинов; Артём; 89683464899; artem-konstantinov5371@inbox.ru
80; Григорьева; Дана; 89960479409; dana-grigoreva6210@list.ru
81; Шарова; Любовь; 89163667793; ljubov-sharova3360@mail.ru
82; Никонова; Марина; 89588265683; marina-nikonova1487@list.ru
83; Крюкова; Антонина; 89088944410; antonina-krjukova1731@bk.ru
84; Шубин; Валерьян; 89476456316; valerjan-shubin2314@inbox.ru
85; Игнатьева; Евгения; 89188503531; evgenija-ignateva2335@list.ru
86; Блохина; Ангелина; 89871784145; angelina-blohina4956@list.ru
87; Тихонов; Евгений; 89563902678; evgenij-tihonov4226@yandex.ru
88; Тетерин; Семён; 89987170009; semen-teterin4610@list.ru
89; Комиссарова; Яна; 89326138754; jana-komissarova7942@bk.ru
90; Артемьев; Платон; 89262481154; platon-artemev3415@list.ru
91; Брагин; Святослав; 89477283478; svjatoslav-bragin8122@bk.ru
92; Гурьев; Дмитрий; 89402252736; dmitrij-gurev993@bk.ru
93; Большакова; Галина; 89982877176; galina-bolshakova7866@mail.ru
94; Маслова; Анастасия; 89284499052; anastasija-maslova3056@yandex.ru
95; Григорьев; Арсений; 89515400235; arsenij-grigorev2224@mail.ru
96; Ларионов; Максим; 89129801723; maksim-larionov4305@mail.ru
97; Осипов; Владимир; 89928588872; vladimir-osipov2518@list.ru
98; Гришина; Юлия; 89677024325; julija-grishina8381@bk.ru
99; Бобылёв; Виталий; 89462306252; vitalij-bobylev1103@yandex.ru
100; Сазонова; Инга; 89119889407; inga-sazonova2537@inbox.ru
101; Дроздова; Алла; 89706016077; alla-drozdova6284@inbox.ru
102; Александров; Валерьян; 89772962790; valerjan-aleksandrov4481@yandex.ru
103; Карпов; Дмитрий; 89000396076; dmitrij-karpov3698@mail.ru
104; Горбачёва; Екатерина; 89202907489; ekaterina-gorbacheva670@gmail.com
105; Шубина; Алина; 89557569654; alina-shubina6210@bk.ru
106; Титов; Леонид; 89491637314; leonid-titov9666@bk.ru
107; Егоров; Иннокентий; 89290307762; innokentij-egorov5067@yandex.ru
108; Авдеева; София; 89521283588; sofija-avdeeva3726@list.ru
109; Тарасов; Сергей; 89661695367; sergej-tarasov5475@yandex.ru
110; Шашков; Константин; 89782593787; konstantin-shashkov2691@yandex.ru
111; Щукин; Вячеслав; 89068785202; vjacheslav-schukin9326@gmail.com
112; Зайцев; Константин; 89461980344; konstantin-zajtsev600@bk.ru
113; Щукин; Сергей; 89049263785; sergej-schukin7596@inbox.ru
114; Галкина; Карина; 89340234770; karina-galkina7592@gmail.com
115; Костина; Дана; 89261340875; dana-kostina4306@gmail.com
116; Филиппова; Анжела; 89841545600; anzhela-filippova1327@inbox.ru
117; Романова; Юлия; 89853382967; julija-romanova6928@bk.ru
118; Маслова; Тамара; 89954263405; tamara-maslova3733@bk.ru
119; Никитин; Матвей; 89910606289; matvej-nikitin1909@yandex.ru
120; Савельева; Лидия; 89607253402; lidija-saveleva5664@mail.ru
121; Константинов; Геннадий; 89159968053; gennadij-konstantinov600@list.ru
122; Константинова; Дарья; 89710963115; darja-konstantinova5150@mail.ru
123; Жукова; Марина; 89183426210; marina-zhukova518@gmail.com
124; Белоусова; Антонина; 89344985651; antonina-belousova5281@list.ru
125; Третьякова; Кира; 89341789880; kira-tretjakova2875@inbox.ru
126; Исаева; София; 89178693907; sofija-isaeva2529@gmail.com
